Product_ID;Description;Manufacturer;Channel;Price;Update_date
V000650;Nintendo Switch;Nintendo;Direct;299.99;2019/05/21
V000635;Playstation 4 Pro;Sony;Direct;389.99;2019/02/15
V000638;Xbox One X;Microsoft;Direct;399.99;2019/01/31
V000633;Xbox One S 1 TB;Microsoft;Direct;299.99;2018/11/05
V000632;Xbox One S 500 GB;Microsoft;Direct;285.99;2018/11/05
V000650;Nintendo Switch;Nintendo;Direct;319.99;2018/10/21
V000638;Xbox One X;Microsoft;Direct;429.99;2018/04/12
V000635;Playstation 4 Pro;Sony;Direct;399.99;2017/11/28
V000632;Xbox One S 500 GB;Microsoft;Direct;289.99;2017/11/07
V000638;Xbox One X;Microsoft;Direct;499.99;2017/11/07
V000650;Nintendo Switch;Nintendo;Direct;329.99;2017/06/02
V000650;Nintendo Switch;Nintendo;Direct;299.99;2017/03/03
V000635;Playstation 4 Pro;Sony;Direct;429.99;2017/01/12
V000635;Playstation 4 Pro;Sony;Direct;399.99;2016/11/10
V000633;Xbox One S 1 TB;Microsoft;Direct;349.99;2016/08/31
V000632;Xbox One S 500 GB;Microsoft;Direct;299.99;2016/08/31